iso,DMRTG
AUS,0.00954618446658492
BEL,-0.23585901933135248
CAN,-0.026083244503438126
CHE,0.602562311087393
DEU,-0.15958814912983196
DNK,0.2853146766475264
ESP,-0.0792993821550515
FIN,-0.21290468018060554
FRA,-0.13774515571345708
GBR,0.035525343504430325
ITA,-0.13112001378009722
JPN,-0.3213932602856874
NLD,-0.04597842365409
NOR,0.17925852978283402
PRT,-0.2513105167799394
SWE,0.23372965119486494
USA,0.2553451488299174
