Country,DMRTG
NOR,0.056652532682494705
ITA,0.03912966942278939
BEL,0.028852077502257822
JPN,0.01811540326541644
FIN,0.013273706767239102
GBR,0.012142994935095075
SWE,0.011688741114605938
AUS,0.010744994323088064
DNK,0.010012012981870932
FRA,0.007926845341897248
ESP,-0.0006902128247224804
USA,-0.004232165960714518
CHE,-0.006808721785681038
PRT,-0.01340379902119293
DEU,-0.03523074063530468
CAN,-0.03724431938535161
NLD,-0.06140472817384157
