Country,LOWLTV,LESS,AFFOR,MAX,NEW,DMORT
AUS,1.0,1.0,1.0,0.0,0.0,0.010744994323088064
DNK,1.0,0.0,0.0,0.0,0.0,0.01001201298187093
FRA,1.0,1.0,0.0,1.0,0.0,0.007926845341897248
NLD,0.0,1.0,1.0,0.0,0.0,-0.06140472817384157
NOR,1.0,0.0,0.0,0.0,0.0,0.05665253268249471
PRT,0.0,0.0,1.0,0.0,1.0,-0.01340379902119293
ESP,1.0,0.0,1.0,1.0,0.0,-0.0006902128247224804
SWE,1.0,1.0,0.0,0.0,0.0,0.011688741114605938
GBR,1.0,1.0,1.0,0.0,0.0,0.012142994935095077
USA,1.0,1.0,1.0,0.0,0.0,-0.004232165960714518
